,,,,,,,,,,,,,,,,,,,,,,,,,,,,
Title:,"A&E Attendances & Emergency Admission monthly statistics, NHS and independent sector organisations in England",,,,,,,,,,,,,,,,,,,,,,,,,,,
,,,,,,,,,,,,,,,,,,,,,,,,,,,,
Summary:,"A&E attendances, performance and emergency admission.
Please see the Supplementary ECDS Analysis file for further breakdowns of A&E attendance data, this can be found published below this file on the NHS England Website, this provides attendance data split by age groups, gender, ethnicity, chief complaint and provides a data completeness and quality fact sheet.",,,,,,,,,,,,,,,,,,,,,,,,,,,
,,,,,,,,,,,,,,,,,,,,,,,,,,,,
Period:,March 2026,,,,,,,,,,,,,,,,,,,,,,,,,,,
Source:,SDCS data collection - MSitAE,,,,,,,,,,,,,,,,,,,,,,,,,,,
Basis:,Provider,,,,,,,,,,,,,,,,,,,,,,,,,,,
Published:,16th April 2026,,,,,,,,,,,,,,,,,,,,,,,,,,,
Revised:,14th May 2026,,,,,,,,,,,,,,,,,,,,,,,,,,,
Status:,Published,,,,,,,,,,,,,,,,,,,,,,,,,,,
Contact:,Kerry Evert - england.aedata@nhs.net,,,,,,,,,,,,,,,,,,,,,,,,,,,
,,,,,,,,,,,,,,,,,,,,,,,,,,,,
System Level Data,,,,,,,,,,,,,,,,,,,,,,,,,,,,
,,A&E attendances,,,,"A&E attendances < 4 hours from arrival to admission, transfer or discharge",,,,"A&E attendances > 4 hours from arrival to admission, transfer or discharge",,,,Percentage of attendances within 4 hours,,,,Emergency Admissions,,,,,,,,,,
Code,System,Type 1 Departments - Major A&E,Type 2 Departments - Single Specialty,Type 3 Departments - Other A&E/Minor Injury Unit,Total attendances,Type 1 Departments - Major A&E,Type 2 Departments - Single Specialty,Type 3 Departments - Other A&E/Minor Injury Unit,Total Attendances < 4 hours,Type 1 Departments - Major A&E,Type 2 Departments - Single Specialty,Type 3 Departments - Other A&E/Minor Injury Unit,Total Attendances > 4 hours,Percentage in 4 hours or less (all),Percentage in 4 hours or less (type 1),Percentage in 4 hours or less (type 2),Percentage in 4 hours or less (type 3),Emergency Admissions via Type 1 A&E,Emergency Admissions via Type 2 A&E,Emergency Admissions via Type 3 and 4 A&E,Total Emergency Admissions via A&E,Other Emergency admissions (i.e not via A&E),Total Emergency Admissions,Number of patients spending >4 hours from decision to admit to admission,Number of patients spending >12 hours from decision to admit to admission,,,
-,-,"1,478,144","55,393","898,735","2,432,272","947,365","53,329","874,867","1,875,561","530,779","2,064","23,868","556,711",77.1%,64.1%,96.3%,97.3%,"402,356","1,423","6,226","410,005","143,887","553,892","123,870","46,665",,,
,,,,,,,,,,,,,,,,,,,,,,,,,,,,
QOX,"NHS Bath And North East Somerset, Swindon And Wiltshire Integrated Care Board","20,771",377,"12,448","33,596","11,678",377,"11,857","23,912","9,093",0,591,"9,684",71.2%,56.2%,100.0%,95.3%,"7,282",0,11,"7,293","4,480","11,773","2,567",668,,,
QHG,"NHS Bedfordshire, Luton And Milton Keynes Integrated Care Board","26,816",0,"18,199","45,015","18,375",0,"18,106","36,481","8,441",0,93,"8,534",81.0%,68.5%,-,99.5%,"7,954",0,0,"7,954","2,938","10,892",698,15,,,
QHL,NHS Birmingham And Solihull Integrated Care Board,"39,752",423,"14,808","54,983","24,886",423,"14,782","40,091","14,866",0,26,"14,892",72.9%,62.6%,100.0%,99.8%,"11,406",0,0,"11,406","7,843","19,249","4,425","1,513",,,
QUY,"NHS Bristol, North Somerset And South Gloucestershire Integrated Care Board","26,384","2,625","9,347","38,356","16,658","2,379","9,027","28,064","9,726",246,320,"10,292",73.2%,63.1%,90.6%,96.6%,"8,227",11,0,"8,238","4,078","12,316","2,666","1,105",,,
QU9,"NHS Buckinghamshire, Oxfordshire And Berkshire West Integrated Care Board","36,610","5,549","15,460","57,619","25,561","5,518","15,178","46,257","11,049",31,282,"11,362",80.3%,69.8%,99.4%,98.2%,"11,251",974,58,"12,283","5,986","18,269","1,274",282,,,
QUE,NHS Cambridgeshire And Peterborough Integrated Care Board,"28,164",0,"11,428","39,592","17,338",0,"11,114","28,452","10,826",0,314,"11,140",71.9%,61.6%,-,97.3%,"7,163",0,79,"7,242","1,879","9,121","2,310","1,349",,,
QYG,NHS Cheshire And Merseyside Integrated Care Board,"74,941","3,578","51,120","129,639","42,894","3,377","49,386","95,657","32,047",201,"1,734","33,982",73.8%,57.2%,94.4%,96.6%,"23,955",122,0,"24,077","8,121","32,198","8,326","5,004",,,
QT6,NHS Cornwall And The Isles Of Scilly Integrated Care Board,"6,938",0,"12,626","19,564","3,547",0,"12,025","15,572","3,391",0,601,"3,992",79.6%,51.1%,-,95.2%,"2,341",0,52,"2,393","1,579","3,972",985,467,,,
QWU,NHS Coventry And Warwickshire Integrated Care Board,"29,411","2,667","8,627","40,705","21,746","2,574","8,446","32,766","7,665",93,181,"7,939",80.5%,73.9%,96.5%,97.9%,"4,038",40,50,"4,128","1,040","5,168",866,235,,,
QHM,NHS North East And North Cumbria Integrated Care Board,"76,255","3,272","75,214","154,741","47,237","3,163","74,301","124,701","29,018",109,913,"30,040",80.6%,61.9%,96.7%,98.8%,"25,999",45,894,"26,938","11,572","38,510","4,117",376,,,
QJK,NHS Devon Integrated Care Board,"31,474",174,"18,529","50,177","16,444",160,"18,352","34,956","15,030",14,177,"15,221",69.7%,52.2%,92.0%,99.0%,"8,942",0,0,"8,942","5,183","14,125","2,293",590,,,
QVV,NHS Dorset Integrated Care Board,"20,661",0,"8,226","28,887","12,363",0,"8,221","20,584","8,298",0,5,"8,303",71.3%,59.8%,-,99.9%,"6,149",1,0,"6,150","3,127","9,277","1,725",593,,,
QMF,NHS North East London Integrated Care Board,"51,367","3,435","41,272","96,074","33,483","3,016","40,007","76,506","17,884",419,"1,265","19,568",79.6%,65.2%,87.8%,96.9%,"10,164",1,35,"10,200","3,917","14,117","3,656","1,837",,,
QNQ,NHS Frimley Integrated Care Board,"23,737","1,013","11,602","36,352","16,182","1,012","11,359","28,553","7,555",1,243,"7,799",78.5%,68.2%,99.9%,97.9%,"6,966",0,0,"6,966",140,"7,106","1,703",637,,,
QR1,NHS Gloucestershire Integrated Care Board,"14,347",0,"9,057","23,404","9,264",0,"8,833","18,097","5,083",0,224,"5,307",77.3%,64.6%,-,97.5%,"2,980",0,1,"2,981","3,051","6,032",771,489,,,
QOP,NHS Greater Manchester Integrated Care Board,"90,681","3,891","37,172","131,744","57,518","3,753","36,351","97,622","33,163",138,821,"34,122",74.1%,63.4%,96.5%,97.8%,"23,732",168,706,"24,606","6,261","30,867","8,484","2,485",,,
QRL,NHS Hampshire And Isle Of Wight Integrated Care Board,"40,034","2,745","28,126","70,905","25,526","2,669","27,324","55,519","14,508",76,802,"15,386",78.3%,63.8%,97.2%,97.1%,"12,624",20,62,"12,706","5,428","18,134","2,926","1,121",,,
QE1,NHS Lancashire And South Cumbria Integrated Care Board,"43,736",0,"32,821","76,557","28,397",0,"31,695","60,092","15,339",0,"1,126","16,465",78.5%,64.9%,-,96.6%,"12,209",0,180,"12,389","6,328","18,717","4,950","2,260",,,
QGH,NHS Herefordshire And Worcestershire Integrated Care Board,"20,567","1,032","6,323","27,922","12,065","1,032","6,276","19,373","8,502",0,47,"8,549",69.4%,58.7%,100.0%,99.3%,"4,647",0,0,"4,647","1,068","5,715","2,407","1,069",,,
QM7,NHS Hertfordshire And West Essex Integrated Care Board,"26,870",0,"23,971","50,841","18,394",0,"23,620","42,014","8,476",0,351,"8,827",82.6%,68.5%,-,98.5%,"9,147",0,3,"9,150","1,393","10,543","1,713",275,,,
QOQ,NHS Humber And North Yorkshire Integrated Care Board,"38,708",350,"31,412","70,470","22,021",350,"30,144","52,515","16,687",0,"1,268","17,955",74.5%,56.9%,100.0%,96.0%,"16,421",0,0,"16,421","4,737","21,158","4,106","1,337",,,
QJ2,NHS Derby And Derbyshire Integrated Care Board,"29,431",0,"26,609","56,040","16,767",0,"26,001","42,768","12,664",0,608,"13,272",76.3%,57.0%,-,97.7%,"6,306",0,16,"6,322","2,214","8,536","2,296",537,,,
QKS,NHS Kent And Medway Integrated Care Board,"58,396",0,"45,138","103,534","41,348",0,"43,137","84,485","17,048",0,"2,001","19,049",81.6%,70.8%,-,95.6%,"11,240",0,533,"11,773","2,141","13,914","4,766","2,336",,,
QK1,"NHS Leicester, Leicestershire And Rutland Integrated Care Board","23,461","2,096","16,815","42,372","14,971","2,004","16,726","33,701","8,490",92,89,"8,671",79.5%,63.8%,95.6%,99.5%,"7,237",7,0,"7,244","3,922","11,166","1,917",592,,,
QJM,NHS Lincolnshire Integrated Care Board,"18,625",0,"14,152","32,777","12,898",0,"13,738","26,636","5,727",0,414,"6,141",81.3%,69.3%,-,97.1%,"5,141",0,0,"5,141","1,016","6,157","1,889","1,132",,,
QH8,NHS Mid And South Essex Integrated Care Board,"28,524",0,"8,415","36,939","17,065",0,"8,072","25,137","11,459",0,343,"11,802",68.1%,59.8%,-,95.9%,"8,908",0,125,"9,033","1,270","10,303","3,130",793,,,
QMM,NHS Norfolk And Waveney Integrated Care Board,"28,248",0,"11,573","39,821","18,971",0,"11,562","30,533","9,277",0,11,"9,288",76.7%,67.2%,-,99.9%,"5,763",0,0,"5,763","2,503","8,266","2,044",796,,,
QMJ,NHS North Central London Integrated Care Board,"51,050","6,887","16,798","74,735","38,021","6,717","16,060","60,798","13,029",170,738,"13,937",81.4%,74.5%,97.5%,95.6%,"9,403",3,141,"9,547","1,492","11,039","3,565","2,074",,,
QRV,NHS North West London Integrated Care Board,"52,786","3,904","51,356","108,046","35,923","3,865","50,410","90,198","16,863",39,946,"17,848",83.5%,68.1%,99.0%,98.2%,"15,694",0,0,"15,694","1,969","17,663","2,718",467,,,
QPM,NHS Northamptonshire Integrated Care Board,"22,735",660,"11,544","34,939","15,119",647,"11,535","27,301","7,616",13,9,"7,638",78.1%,66.5%,98.0%,99.9%,"4,643",0,0,"4,643",796,"5,439","2,406","1,327",,,
QT1,NHS Nottingham And Nottinghamshire Integrated Care Board,"25,010","2,003","15,960","42,973","14,140","1,829","14,369","30,338","10,870",174,"1,591","12,635",70.6%,56.5%,91.3%,90.0%,"6,607",0,"1,987","8,594","4,612","13,206","2,319","1,477",,,
QKK,NHS South East London Integrated Care Board,"43,892",0,"39,785","83,677","24,932",0,"38,204","63,136","18,960",0,"1,581","20,541",75.5%,56.8%,-,96.0%,"9,726",0,0,"9,726","1,126","10,852","3,916","1,217",,,
QOC,"NHS Shropshire, Telford And Wrekin Integrated Care Board","11,446",0,"5,840","17,286","5,165",0,"5,458","10,623","6,281",0,382,"6,663",61.5%,45.1%,-,93.5%,"3,693",0,145,"3,838","2,287","6,125","1,915","1,173",,,
QSL,NHS Somerset Integrated Care Board,"12,117",0,"10,428","22,545","6,310",0,"10,108","16,418","5,807",0,320,"6,127",72.8%,52.1%,-,96.9%,"2,642",0,0,"2,642","1,658","4,300",445,73,,,
QWE,NHS South West London Integrated Care Board,"41,823",0,"20,243","62,066","28,635",0,"19,661","48,296","13,188",0,582,"13,770",77.8%,68.5%,-,97.1%,"8,297",0,207,"8,504","1,605","10,109","3,969","2,228",,,
QF7,NHS South Yorkshire Integrated Care Board,"47,756","1,360","13,753","62,869","34,197","1,341","13,441","48,979","13,559",19,312,"13,890",77.9%,71.6%,98.6%,97.7%,"13,527",0,495,"14,022","5,694","19,716","3,082",145,,,
QNC,NHS Staffordshire And Stoke-On-Trent Integrated Care Board,"15,949",509,"9,210","25,668","7,467",509,"9,080","17,056","8,482",0,130,"8,612",66.4%,46.8%,100.0%,98.6%,"4,933",0,0,"4,933","1,081","6,014","2,028",820,,,
QJG,NHS Suffolk And North East Essex Integrated Care Board,"19,817",0,"14,606","34,423","12,786",0,"13,762","26,548","7,031",0,844,"7,875",77.1%,64.5%,-,94.2%,"7,205",0,1,"7,206",650,"7,856","2,230",877,,,
QXU,NHS Surrey Heartlands Integrated Care Board,"26,470",0,"10,536","37,006","15,718",0,"10,433","26,151","10,752",0,103,"10,855",70.7%,59.4%,-,99.0%,"7,852",0,0,"7,852","2,563","10,415","2,726","1,050",,,
QNX,NHS Sussex Integrated Care Board,"41,261","1,688","24,700","67,649","26,108","1,653","24,152","51,913","15,153",35,548,"15,736",76.7%,63.3%,97.9%,97.8%,"11,717",31,149,"11,897","2,870","14,767","2,109","1,063",,,
QUA,NHS Black Country Integrated Care Board,"43,652","2,920","28,996","75,568","30,618","2,726","28,434","61,778","13,034",194,562,"13,790",81.8%,70.1%,93.4%,98.1%,"13,973",0,104,"14,077","7,720","21,797","4,546","1,362",,,
QWO,NHS West Yorkshire Integrated Care Board,"67,471","2,235","24,490","94,196","48,629","2,235","24,120","74,984","18,842",0,370,"19,212",79.6%,72.1%,100.0%,98.5%,"14,252",0,192,"14,444","4,549","18,993","6,886","1,419",,,
,,,,,,,,,,,,,,,,,,,,,,,,,,,,
,,,,,,,,,,,,,,,,,,,,,,,,,,,,
,,,,,,,,,,,,,,,,,,,,,,,,,,,,
,,,,,,,,,,,,,,,,,,,,,,,,,,,,
,,,,,,,,,,,,,,,,,,,,,,,,,,,,
,,,,,,,,,,,,,,,,,,,,,,,,,,,,
,,,,,,,,,,,,,,,,,,,,,,,,,,,,
,,,,,,,,,,,,,,,,,,,,,,,,,,,,
,,,,,,,,,,,,,,,,,,,,,,,,,,,,
,,,,,,,,,,,,,,,,,,,,,,,,,,,,
,,,,,,,,,,,,,,,,,,,,,,,,,,,,
,,,,,,,,,,,,,,,,,,,,,,,,,,,,
,,,,,,,,,,,,,,,,,,,,,,,,,,,,
,,,,,,,,,,,,,,,,,,,,,,,,,,,,
,,,,,,,,,,,,,,,,,,,,,,,,,,,,
,,,,,,,,,,,,,,,,,,,,,,,,,,,,
,,,,,,,,,,,,,,,,,,,,,,,,,,,,
,,,,,,,,,,,,,,,,,,,,,,,,,,,,
,,,,,,,,,,,,,,,,,,,,,,,,,,,,
,,,,,,,,,,,,,,,,,,,,,,,,,,,,
,,,,,,,,,,,,,,,,,,,,,,,,,,,,
,,,,,,,,,,,,,,,,,,,,,,,,,,,,
,,,,,,,,,,,,,,,,,,,,,,,,,,,,
,,,,,,,,,,,,,,,,,,,,,,,,,,,,
,,,,,,,,,,,,,,,,,,,,,,,,,,,,
,,,,,,,,,,,,,,,,,,,,,,,,,,,,
,,,,,,,,,,,,,,,,,,,,,,,,,,,,
,,,,,,,,,,,,,,,,,,,,,,,,,,,,
,,,,,,,,,,,,,,,,,,,,,,,,,,,,
,,,,,,,,,,,,,,,,,,,,,,,,,,,,
,,,,,,,,,,,,,,,,,,,,,,,,,,,,
,,,,,,,,,,,,,,,,,,,,,,,,,,,,
,,,,,,,,,,,,,,,,,,,,,,,,,,,,
,,,,,,,,,,,,,,,,,,,,,,,,,,,,
,,,,,,,,,,,,,,,,,,,,,,,,,,,,
,,,,,,,,,,,,,,,,,,,,,,,,,,,,
,,,,,,,,,,,,,,,,,,,,,,,,,,,,
,,,,,,,,,,,,,,,,,,,,,,,,,,,,
,,,,,,,,,,,,,,,,,,,,,,,,,,,,
,,,,,,,,,,,,,,,,,,,,,,,,,,,,
,,,,,,,,,,,,,,,,,,,,,,,,,,,,
,,,,,,,,,,,,,,,,,,,,,,,,,,,,
,,,,,,,,,,,,,,,,,,,,,,,,,,,,
,,,,,,,,,,,,,,,,,,,,,,,,,,,,
,,,,,,,,,,,,,,,,,,,,,,,,,,,,
,,,,,,,,,,,,,,,,,,,,,,,,,,,,
,,,,,,,,,,,,,,,,,,,,,,,,,,,,
,,,,,,,,,,,,,,,,,,,,,,,,,,,,
,,,,,,,,,,,,,,,,,,,,,,,,,,,,
,,,,,,,,,,,,,,,,,,,,,,,,,,,,
,,,,,,,,,,,,,,,,,,,,,,,,,,,,
,,,,,,,,,,,,,,,,,,,,,,,,,,,,
,,,,,,,,,,,,,,,,,,,,,,,,,,,,
,,,,,,,,,,,,,,,,,,,,,,,,,,,,
,,,,,,,,,,,,,,,,,,,,,,,,,,,,
,,,,,,,,,,,,,,,,,,,,,,,,,,,,
,,,,,,,,,,,,,,,,,,,,,,,,,,,,
,,,,,,,,,,,,,,,,,,,,,,,,,,,,
,,,,,,,,,,,,,,,,,,,,,,,,,,,,
,,,,,,,,,,,,,,,,,,,,,,,,,,,,
,,,,,,,,,,,,,,,,,,,,,,,,,,,,
,,,,,,,,,,,,,,,,,,,,,,,,,,,,
,,,,,,,,,,,,,,,,,,,,,,,,,,,,
,,,,,,,,,,,,,,,,,,,,,,,,,,,,
,,,,,,,,,,,,,,,,,,,,,,,,,,,,
,,,,,,,,,,,,,,,,,,,,,,,,,,,,
,,,,,,,,,,,,,,,,,,,,,,,,,,,,
,,,,,,,,,,,,,,,,,,,,,,,,,,,,
,,,,,,,,,,,,,,,,,,,,,,,,,,,,
,,,,,,,,,,,,,,,,,,,,,,,,,,,,
,,,,,,,,,,,,,,,,,,,,,,,,,,,,
,,,,,,,,,,,,,,,,,,,,,,,,,,,,
,,,,,,,,,,,,,,,,,,,,,,,,,,,,
,,,,,,,,,,,,,,,,,,,,,,,,,,,,
,,,,,,,,,,,,,,,,,,,,,,,,,,,,
,,,,,,,,,,,,,,,,,,,,,,,,,,,,
,,,,,,,,,,,,,,,,,,,,,,,,,,,,
,,,,,,,,,,,,,,,,,,,,,,,,,,,,
,,,,,,,,,,,,,,,,,,,,,,,,,,,,
,,,,,,,,,,,,,,,,,,,,,,,,,,,,
,,,,,,,,,,,,,,,,,,,,,,,,,,,,
,,,,,,,,,,,,,,,,,,,,,,,,,,,,
,,,,,,,,,,,,,,,,,,,,,,,,,,,,
,,,,,,,,,,,,,,,,,,,,,,,,,,,,
,,,,,,,,,,,,,,,,,,,,,,,,,,,,
,,,,,,,,,,,,,,,,,,,,,,,,,,,,
,,,,,,,,,,,,,,,,,,,,,,,,,,,,
,,,,,,,,,,,,,,,,,,,,,,,,,,,,
,,,,,,,,,,,,,,,,,,,,,,,,,,,,
,,,,,,,,,,,,,,,,,,,,,,,,,,,,
,,,,,,,,,,,,,,,,,,,,,,,,,,,,
,,,,,,,,,,,,,,,,,,,,,,,,,,,,
,,,,,,,,,,,,,,,,,,,,,,,,,,,,
,,,,,,,,,,,,,,,,,,,,,,,,,,,,
,,,,,,,,,,,,,,,,,,,,,,,,,,,,
,,,,,,,,,,,,,,,,,,,,,,,,,,,,
,,,,,,,,,,,,,,,,,,,,,,,,,,,,
,,,,,,,,,,,,,,,,,,,,,,,,,,,,
,,,,,,,,,,,,,,,,,,,,,,,,,,,,
,,,,,,,,,,,,,,,,,,,,,,,,,,,,
,,,,,,,,,,,,,,,,,,,,,,,,,,,,
,,,,,,,,,,,,,,,,,,,,,,,,,,,,
,,,,,,,,,,,,,,,,,,,,,,,,,,,,
,,,,,,,,,,,,,,,,,,,,,,,,,,,,
,,,,,,,,,,,,,,,,,,,,,,,,,,,,
,,,,,,,,,,,,,,,,,,,,,,,,,,,,
,,,,,,,,,,,,,,,,,,,,,,,,,,,,
,,,,,,,,,,,,,,,,,,,,,,,,,,,,
,,,,,,,,,,,,,,,,,,,,,,,,,,,,
,,,,,,,,,,,,,,,,,,,,,,,,,,,,
,,,,,,,,,,,,,,,,,,,,,,,,,,,,
,,,,,,,,,,,,,,,,,,,,,,,,,,,,
,,,,,,,,,,,,,,,,,,,,,,,,,,,,
,,,,,,,,,,,,,,,,,,,,,,,,,,,,
,,,,,,,,,,,,,,,,,,,,,,,,,,,,
,,,,,,,,,,,,,,,,,,,,,,,,,,,,
,,,,,,,,,,,,,,,,,,,,,,,,,,,,
,,,,,,,,,,,,,,,,,,,,,,,,,,,,
,,,,,,,,,,,,,,,,,,,,,,,,,,,,
,,,,,,,,,,,,,,,,,,,,,,,,,,,,
,,,,,,,,,,,,,,,,,,,,,,,,,,,,
,,,,,,,,,,,,,,,,,,,,,,,,,,,,
,,,,,,,,,,,,,,,,,,,,,,,,,,,,
,,,,,,,,,,,,,,,,,,,,,,,,,,,,
,,,,,,,,,,,,,,,,,,,,,,,,,,,,
,,,,,,,,,,,,,,,,,,,,,,,,,,,,
,,,,,,,,,,,,,,,,,,,,,,,,,,,,
,,,,,,,,,,,,,,,,,,,,,,,,,,,,
,,,,,,,,,,,,,,,,,,,,,,,,,,,,
,,,,,,,,,,,,,,,,,,,,,,,,,,,,
,,,,,,,,,,,,,,,,,,,,,,,,,,,,
,,,,,,,,,,,,,,,,,,,,,,,,,,,,
,,,,,,,,,,,,,,,,,,,,,,,,,,,,
,,,,,,,,,,,,,,,,,,,,,,,,,,,,
,,,,,,,,,,,,,,,,,,,,,,,,,,,,
,,,,,,,,,,,,,,,,,,,,,,,,,,,,
,,,,,,,,,,,,,,,,,,,,,,,,,,,,
,,,,,,,,,,,,,,,,,,,,,,,,,,,,
,,,,,,,,,,,,,,,,,,,,,,,,,,,,
,,,,,,,,,,,,,,,,,,,,,,,,,,,,
,,,,,,,,,,,,,,,,,,,,,,,,,,,,
,,,,,,,,,,,,,,,,,,,,,,,,,,,,
,,,,,,,,,,,,,,,,,,,,,,,,,,,,
,,,,,,,,,,,,,,,,,,,,,,,,,,,,
,,,,,,,,,,,,,,,,,,,,,,,,,,,,
,,,,,,,,,,,,,,,,,,,,,,,,,,,,
,,,,,,,,,,,,,,,,,,,,,,,,,,,,
,,,,,,,,,,,,,,,,,,,,,,,,,,,,
,,,,,,,,,,,,,,,,,,,,,,,,,,,,
,,,,,,,,,,,,,,,,,,,,,,,,,,,,
,,,,,,,,,,,,,,,,,,,,,,,,,,,,
,,,,,,,,,,,,,,,,,,,,,,,,,,,,
,,,,,,,,,,,,,,,,,,,,,,,,,,,,
,,,,,,,,,,,,,,,,,,,,,,,,,,,,
,,,,,,,,,,,,,,,,,,,,,,,,,,,,
,,,,,,,,,,,,,,,,,,,,,,,,,,,,
,,,,,,,,,,,,,,,,,,,,,,,,,,,,
,,,,,,,,,,,,,,,,,,,,,,,,,,,,
,,,,,,,,,,,,,,,,,,,,,,,,,,,,
,,,,,,,,,,,,,,,,,,,,,,,,,,,,
,,,,,,,,,,,,,,,,,,,,,,,,,,,,
,,,,,,,,,,,,,,,,,,,,,,,,,,,,
,,,,,,,,,,,,,,,,,,,,,,,,,,,,
,,,,,,,,,,,,,,,,,,,,,,,,,,,,
,,,,,,,,,,,,,,,,,,,,,,,,,,,,
,,,,,,,,,,,,,,,,,,,,,,,,,,,,
,,,,,,,,,,,,,,,,,,,,,,,,,,,,
,,,,,,,,,,,,,,,,,,,,,,,,,,,,
,,,,,,,,,,,,,,,,,,,,,,,,,,,,
,,,,,,,,,,,,,,,,,,,,,,,,,,,,
,,,,,,,,,,,,,,,,,,,,,,,,,,,,
,,,,,,,,,,,,,,,,,,,,,,,,,,,,
,,,,,,,,,,,,,,,,,,,,,,,,,,,,
,,,,,,,,,,,,,,,,,,,,,,,,,,,,
,,,,,,,,,,,,,,,,,,,,,,,,,,,,
,,,,,,,,,,,,,,,,,,,,,,,,,,,,
,,,,,,,,,,,,,,,,,,,,,,,,,,,,
,,,,,,,,,,,,,,,,,,,,,,,,,,,,
,,,,,,,,,,,,,,,,,,,,,,,,,,,,
,,,,,,,,,,,,,,,,,,,,,,,,,,,,
,,,,,,,,,,,,,,,,,,,,,,,,,,,,
,,,,,,,,,,,,,,,,,,,,,,,,,,,,
,,,,,,,,,,,,,,,,,,,,,,,,,,,,
,,,,,,,,,,,,,,,,,,,,,,,,,,,,
,,,,,,,,,,,,,,,,,,,,,,,,,,,,
,,,,,,,,,,,,,,,,,,,,,,,,,,,,
,,,,,,,,,,,,,,,,,,,,,,,,,,,,
,,,,,,,,,,,,,,,,,,,,,,,,,,,,
,,,,,,,,,,,,,,,,,,,,,,,,,,,,
,,,,,,,,,,,,,,,,,,,,,,,,,,,,
,,,,,,,,,,,,,,,,,,,,,,,,,,,,
,,,,,,,,,,,,,,,,,,,,,,,,,,,,
,,,,,,,,,,,,,,,,,,,,,,,,,,,,
,,,,,,,,,,,,,,,,,,,,,,,,,,,,
,,,,,,,,,,,,,,,,,,,,,,,,,,,,
,,,,,,,,,,,,,,,,,,,,,,,,,,,,
,,,,,,,,,,,,,,,,,,,,,,,,,,,,
,,,,,,,,,,,,,,,,,,,,,,,,,,,,
,,,,,,,,,,,,,,,,,,,,,,,,,,,,
,,,,,,,,,,,,,,,,,,,,,,,,,,,,
,,,,,,,,,,,,,,,,,,,,,,,,,,,,
,,,,,,,,,,,,,,,,,,,,,,,,,,,,
,,,,,,,,,,,,,,,,,,,,,,,,,,,,
,,,,,,,,,,,,,,,,,,,,,,,,,,,,
,,,,,,,,,,,,,,,,,,,,,,,,,,,,
,,,,,,,,,,,,,,,,,,,,,,,,,,,,
,,,,,,,,,,,,,,,,,,,,,,,,,,,,
,,,,,,,,,,,,,,,,,,,,,,,,,,,,
,,,,,,,,,,,,,,,,,,,,,,,,,,,,
,,,,,,,,,,,,,,,,,,,,,,,,,,,,
,,,,,,,,,,,,,,,,,,,,,,,,,,,,
,,,,,,,,,,,,,,,,,,,,,,,,,,,,
,,,,,,,,,,,,,,,,,,,,,,,,,,,,
,,,,,,,,,,,,,,,,,,,,,,,,,,,,
,,,,,,,,,,,,,,,,,,,,,,,,,,,,
,,,,,,,,,,,,,,,,,,,,,,,,,,,,
,,,,,,,,,,,,,,,,,,,,,,,,,,,,
,,,,,,,,,,,,,,,,,,,,,,,,,,,,
,,,,,,,,,,,,,,,,,,,,,,,,,,,,
,,,,,,,,,,,,,,,,,,,,,,,,,,,,
,,,,,,,,,,,,,,,,,,,,,,,,,,,,
,,,,,,,,,,,,,,,,,,,,,,,,,,,,
,,,,,,,,,,,,,,,,,,,,,,,,,,,,
,,,,,,,,,,,,,,,,,,,,,,,,,,,,
,,,,,,,,,,,,,,,,,,,,,,,,,,,,
,,,,,,,,,,,,,,,,,,,,,,,,,,,,
,,,,,,,,,,,,,,,,,,,,,,,,,,,,
,,,,,,,,,,,,,,,,,,,,,,,,,,,,
,,,,,,,,,,,,,,,,,,,,,,,,,,,,
,,,,,,,,,,,,,,,,,,,,,,,,,,,,
,,,,,,,,,,,,,,,,,,,,,,,,,,,,
,,,,,,,,,,,,,,,,,,,,,,,,,,,,
,,,,,,,,,,,,,,,,,,,,,,,,,,,,
,,,,,,,,,,,,,,,,,,,,,,,,,,,,
,,,,,,,,,,,,,,,,,,,,,,,,,,,,
,,,,,,,,,,,,,,,,,,,,,,,,,,,,
,,,,,,,,,,,,,,,,,,,,,,,,,,,,
,,,,,,,,,,,,,,,,,,,,,,,,,,,,
,,,,,,,,,,,,,,,,,,,,,,,,,,,,
,,,,,,,,,,,,,,,,,,,,,,,,,,,,
,,,,,,,,,,,,,,,,,,,,,,,,,,,,
,,,,,,,,,,,,,,,,,,,,,,,,,,,,
,,,,,,,,,,,,,,,,,,,,,,,,,,,,
,,,,,,,,,,,,,,,,,,,,,,,,,,,,
,,,,,,,,,,,,,,,,,,,,,,,,,,,,
,,,,,,,,,,,,,,,,,,,,,,,,,,,,
,,,,,,,,,,,,,,,,,,,,,,,,,,,,
,,,,,,,,,,,,,,,,,,,,,,,,,,,,
,,,,,,,,,,,,,,,,,,,,,,,,,,,,
,,,,,,,,,,,,,,,,,,,,,,,,,,,,
,,,,,,,,,,,,,,,,,,,,,,,,,,,,
,,,,,,,,,,,,,,,,,,,,,,,,,,,,
,,,,,,,,,,,,,,,,,,,,,,,,,,,,
,,,,,,,,,,,,,,,,,,,,,,,,,,,,
,,,,,,,,,,,,,,,,,,,,,,,,,,,,
,,,,,,,,,,,,,,,,,,,,,,,,,,,,
,,,,,,,,,,,,,,,,,,,,,,,,,,,,
,,,,,,,,,,,,,,,,,,,,,,,,,,,,
,,,,,,,,,,,,,,,,,,,,,,,,,,,,
,,,,,,,,,,,,,,,,,,,,,,,,,,,,
,,,,,,,,,,,,,,,,,,,,,,,,,,,,
,,,,,,,,,,,,,,,,,,,,,,,,,,,,
,,,,,,,,,,,,,,,,,,,,,,,,,,,,
,,,,,,,,,,,,,,,,,,,,,,,,,,,,
,,,,,,,,,,,,,,,,,,,,,,,,,,,,
,,,,,,,,,,,,,,,,,,,,,,,,,,,,
,,,,,,,,,,,,,,,,,,,,,,,,,,,,
,,,,,,,,,,,,,,,,,,,,,,,,,,,,
,,,,,,,,,,,,,,,,,,,,,,,,,,,,
,,,,,,,,,,,,,,,,,,,,,,,,,,,,
,,,,,,,,,,,,,,,,,,,,,,,,,,,,
,,,,,,,,,,,,,,,,,,,,,,,,,,,,
,,,,,,,,,,,,,,,,,,,,,,,,,,,,
,,,,,,,,,,,,,,,,,,,,,,,,,,,,
,,,,,,,,,,,,,,,,,,,,,,,,,,,,
,,,,,,,,,,,,,,,,,,,,,,,,,,,,
,,,,,,,,,,,,,,,,,,,,,,,,,,,,
,,,,,,,,,,,,,,,,,,,,,,,,,,,,
,,,,,,,,,,,,,,,,,,,,,,,,,,,,
,,,,,,,,,,,,,,,,,,,,,,,,,,,,
,,,,,,,,,,,,,,,,,,,,,,,,,,,,
,,,,,,,,,,,,,,,,,,,,,,,,,,,,
,,,,,,,,,,,,,,,,,,,,,,,,,,,,
,,,,,,,,,,,,,,,,,,,,,,,,,,,,
,,,,,,,,,,,,,,,,,,,,,,,,,,,,
,,,,,,,,,,,,,,,,,,,,,,,,,,,,
,,,,,,,,,,,,,,,,,,,,,,,,,,,,
,,,,,,,,,,,,,,,,,,,,,,,,,,,,
,,,,,,,,,,,,,,,,,,,,,,,,,,,,
,,,,,,,,,,,,,,,,,,,,,,,,,,,,
,,,,,,,,,,,,,,,,,,,,,,,,,,,,
,,,,,,,,,,,,,,,,,,,,,,,,,,,,
,,,,,,,,,,,,,,,,,,,,,,,,,,,,
,,,,,,,,,,,,,,,,,,,,,,,,,,,,
,,,,,,,,,,,,,,,,,,,,,,,,,,,,
,,,,,,,,,,,,,,,,,,,,,,,,,,,,
,,,,,,,,,,,,,,,,,,,,,,,,,,,,
,,,,,,,,,,,,,,,,,,,,,,,,,,,,
,,,,,,,,,,,,,,,,,,,,,,,,,,,,
,,,,,,,,,,,,,,,,,,,,,,,,,,,,
,,,,,,,,,,,,,,,,,,,,,,,,,,,,
,,,,,,,,,,,,,,,,,,,,,,,,,,,,
,,,,,,,,,,,,,,,,,,,,,,,,,,,,
,,,,,,,,,,,,,,,,,,,,,,,,,,,,
,,,,,,,,,,,,,,,,,,,,,,,,,,,,
,,,,,,,,,,,,,,,,,,,,,,,,,,,,
,,,,,,,,,,,,,,,,,,,,,,,,,,,,
,,,,,,,,,,,,,,,,,,,,,,,,,,,,
,,,,,,,,,,,,,,,,,,,,,,,,,,,,
,,,,,,,,,,,,,,,,,,,,,,,,,,,,
,,,,,,,,,,,,,,,,,,,,,,,,,,,,
,,,,,,,,,,,,,,,,,,,,,,,,,,,,
,,,,,,,,,,,,,,,,,,,,,,,,,,,,
,,,,,,,,,,,,,,,,,,,,,,,,,,,,
,,,,,,,,,,,,,,,,,,,,,,,,,,,,
,,,,,,,,,,,,,,,,,,,,,,,,,,,,
,,,,,,,,,,,,,,,,,,,,,,,,,,,,
,,,,,,,,,,,,,,,,,,,,,,,,,,,,
,,,,,,,,,,,,,,,,,,,,,,,,,,,,
,,,,,,,,,,,,,,,,,,,,,,,,,,,,
,,,,,,,,,,,,,,,,,,,,,,,,,,,,
,,,,,,,,,,,,,,,,,,,,,,,,,,,,
,,,,,,,,,,,,,,,,,,,,,,,,,,,,
,,,,,,,,,,,,,,,,,,,,,,,,,,,,
,,,,,,,,,,,,,,,,,,,,,,,,,,,,
,,,,,,,,,,,,,,,,,,,,,,,,,,,,
,,,,,,,,,,,,,,,,,,,,,,,,,,,,
,,,,,,,,,,,,,,,,,,,,,,,,,,,,
,,,,,,,,,,,,,,,,,,,,,,,,,,,,
,,,,,,,,,,,,,,,,,,,,,,,,,,,,
,,,,,,,,,,,,,,,,,,,,,,,,,,,,
,,,,,,,,,,,,,,,,,,,,,,,,,,,,
